{
  "admin": [
    { "id_admin": "admin-0", "name": "tofera", "password": "tofera" },
    { "id_admin": "admin-1", "name": "javascript", "password": "javascript" }
  ],
  "users": [
    { "id_user": "user-0", "name": "tofera ihany", "password": "tofera ihany" },
    {
      "id_user": "user-1",
      "name": "javascript ihany",
      "password": "javascript ihany"
    }
  ],
  "personnel": [
    {
      "id_personnel": "personnel-0",
      "matricule": "0000",
      "nom": "reynolds",
      "prenom": "ryan",
      "telephone": "deadpool",
      "email": "ryan@gmail.com",
      "cin": "reynolds",
      "poste": "reynolds",
      "date_embauche": "now",
      "code_dep": "marvel",
      "photo": "xoxo"
    },
    {
      "id_personnel": "personnel-1",
      "matricule": "0001",
      "nom": "carrey",
      "prenom": "jim",
      "telephone": "ventura",
      "email": "ventura@gmail.com",
      "cin": "carrey",
      "poste": "carrey",
      "date_embauche": "now",
      "code_dep": "sony",
      "photo": "xoxo"
    },
    {
      "id_personnel": "personnel-2",
      "matricule": "0002",
      "nom": "khalifa",
      "prenom": "mia",
      "telephone": "khalifa",
      "email": "mia@gmail.com",
      "cin": "khalifa",
      "poste": "infirmiere",
      "date_embauche": "now",
      "code_dep": "pornhub",
      "photo": "xxxx"
    }
  ],
  "patient": [
    {
      "id_patient": "patient-0",
      "nom": "the rock",
      "prenon": "dwayne jhonson",
      "date_naissance": "12/08/2004",
      "adresse": "antananarivo",
      "telephone": "jhonson",
      "email": "rock@gmail.com",
      "nationnalite": "vazaha",
      "maladie": "paper",
      "nom_famille": "the rock",
      "telephone_famille": "the rock",
      "adresse_famille": "the rock",
      "date_entree": "now",
      "photo": "ssss"
    },
    {
      "id_patient": "patient-1",
      "nom": "salah",
      "prenon": "mohamed",
      "date_naissance": "12/08/2004",
      "adresse": "antananarivo",
      "telephone": "moham",
      "email": "salah@gmail.com",
      "nationnalite": "vazaha",
      "maladie": "volley",
      "nom_famille": "mohamed",
      "telephone_famille": "mohamed",
      "adresse_famille": "mohamed",
      "date_entree": "now",
      "photo": "ssss"
    },
    {
      "id_patient": "patient-2",
      "nom": "lebron",
      "prenon": "james",
      "date_naissance": "12/08/2004",
      "adresse": "fianarantsoa",
      "telephone": "james",
      "email": "james@gmail.com",
      "nationnalite": "vazaha",
      "maladie": "natation",
      "nom_famille": "lebron",
      "telephone_famille": "lebron",
      "adresse_famille": "lebron",
      "date_entree": "now",
      "photo": "ssss"
    }
  ],
  "service": [
    {
      "id_service": "service-0",
      "type": "urgence",
      "id_patient": "patient-0",
      "sante": "grave",
      "traitement": "cocaine",
      "date_entree": "now",
      "date_sortie": "",
      "matricule": "",
      "disponibilite": "",
      "marque": "",
      "id_personnel": "personnel-2"
    },
    {
      "id_service": "service-1",
      "type": "urgence",
      "id_patient": "patient-2",
      "sante": "trs grave",
      "traitement": "photoshop",
      "date_entree": "now",
      "date_sortie": "",
      "matricule": "",
      "disponibilite": "",
      "marque": "",
      "id_personnel": "personnel-1"
    },
    {
      "id_service": "service-1",
      "type": "secours",
      "id_patient": "",
      "sante": "",
      "traitement": "",
      "date_entree": "",
      "date_sortie": "",
      "matricule": "15468tab",
      "disponibilite": true,
      "marque": "mercedes",
      "id_personnel": "personnel-2"
    }
  ],
  "departement": [
    {
      "id_departement": "dep-0",
      "code_dep": "marvel",
      "designation": "inconnue"
    },
    {
      "id_departement": "dep-1",
      "code_dep": "sony",
      "designation": "inconnue"
    },
    {
      "id_departement": "dep-2",
      "code_dep": "pornhub",
      "designation": "inconnue"
    }
  ],
  "transfert": [
    {
      "id_transfert": "transfert-0",
      "id_patient": "patient-2",
      "id_personnel": "personnel-2",
      "motif": "misy ts mety",
      "lieu": "chez toi",
      "sante": "mediocre",
      "statut": 1
    }
  ]
}
